,Avg. Weight (Kgs),Suitability,Category,Color,Finish,Sizes (mm),Qty. Per Box (Pcs),Coverage Area (Sq.mt),Variant_Application
2,['30'],['Floor'],['Double Charged Vitrified Tiles'],['Black'],['Glossy'],['600 x 600'],['4'],['1.44'],['Living_Room']
7,"['30', '42']",['Floor'],['Double Charged Vitrified Tiles'],['Black'],['Glossy'],"['600 x 600', '800 x 800']","['4', '3']","['1.44', '1.92']",['Living_Room']
8,['42'],['Floor'],['Double Charged Vitrified Tiles'],['Grey'],['Glossy'],['800 x 800'],['3'],['1.92'],['Living_Room']
15,"['42', '43']",['Floor'],['Double Charged Vitrified Tiles'],['White'],['Glossy'],"['800 x 800', '800 x 1200']","['3', '2']","['1.92', '1.92']",['Living_Room']
18,"['30', '42']",['Floor'],['Double Charged Vitrified Tiles'],['Grey'],['Glossy'],"['600 x 600', '800 x 800']","['4', '3']","['1.44', '1.92']",['Living_Room']
20,['30'],['Floor'],['Double Charged Vitrified Tiles'],['White'],['Glossy'],['600 x 600'],['4'],['1.44'],['Living_Room']
21,['42'],['Floor'],['Double Charged Vitrified Tiles'],['Cream'],['Glossy'],['800 x 800'],['3'],['1.92'],['Living_Room']
24,['30'],['Floor and Wall'],['Glazed Vitrified Tiles'],['Blue'],['Matt'],['600 x 600'],['4'],['1.44'],['Living_Room']
30,['30'],['Floor and Wall'],['Glazed Vitrified Tiles'],['Brown'],['Glossy                                                                                                                             Matt'],['600 x 600'],['4'],['1.44'],['Living_Room']
34,"['30', '32']",['Floor and Wall'],['Glazed Vitrified Tiles'],['Beige'],['Matt'],"['600 x 600', '600 x 1200']","['4', '2']","['1.44', '1.44']",['Living_Room']
35,"['30', '32']",['Floor and Wall'],['Glazed Vitrified Tiles'],['White'],['Matt'],"['600 x 600', '600 x 1200']","['4', '2']","['1.44', '1.44']",['Living_Room']
36,"['30', '32']",['Floor and Wall'],['Glazed Vitrified Tiles'],['Grey'],['Glossy'],"['600 x 600', '600 x 1200']","['4', '2']","['1.44', '1.44']",['Living_Room']
40,"['30', '32']",['Floor and Wall'],['Glazed Vitrified Tiles'],['Grey'],['Matt'],"['600 x 600', '600 x 1200']","['4', '2']","['1.44', '1.44']",['Living_Room']
43,['32'],['Floor and Wall'],['Glazed Vitrified Tiles'],['Beige'],['Carving'],['600 x 1200'],['2'],['1.44'],['Living_Room']
45,['32'],['Floor and Wall'],['Glazed Vitrified Tiles'],['Brown'],['Carving'],['600 x 1200'],['2'],['1.44'],['Living_Room']
46,['32'],['Floor and Wall'],['Glazed Vitrified Tiles'],['Grey'],['Carving'],['600 x 1200'],['2'],['1.44'],['Living_Room']
49,['30'],['Floor and Wall'],['Glazed Vitrified Tiles'],['Black'],['Matt'],['600 x 600'],['4'],['1.44'],['Living_Room']
50,['30'],['Floor and Wall'],['Glazed Vitrified Tiles'],['Wood'],['Wood - Punch Matt'],['600 x 600'],['4'],['1.44'],['Living_Room']
51,['30'],['Floor and Wall'],['Glazed Vitrified Tiles'],['Wood'],['Matt'],['600 x 600'],['4'],['1.44'],['Living_Room']
52,"['32', '32']",['Floor and Wall'],['Glazed Vitrified Tiles'],['Grey'],['Wood - Punch Matt'],"['600 x 1200', '198 x 1200']","['2', '6']","['1.44', '1.44']",['Living_Room']
53,"['32', '32']",['Floor and Wall'],['Glazed Vitrified Tiles'],['Brown'],['Wood - Punch Matt'],"['600 x 1200', '198 x 1200']","['2', '6']","['1.44', '1.44']",['Living_Room']
54,"['32', '32']",['Floor and Wall'],['Glazed Vitrified Tiles'],['Black'],['Wood - Punch Matt'],"['600 x 1200', '198 x 1200']","['2', '6']","['1.44', '1.44']",['Living_Room']
55,"['32', '32']",['Floor and Wall'],['Glazed Vitrified Tiles'],['Cream'],['Wood - Punch Matt'],"['600 x 1200', '198 x 1200']","['2', '6']","['1.44', '1.44']",['Living_Room']
56,['30'],['Floor and Wall'],['Glazed Vitrified Tiles'],['Blue'],['Glossy                                                                                                                             Matt'],['600 x 600'],['4'],['1.44'],['Living_Room']
59,['30'],['Floor and Wall'],['Glazed Vitrified Tiles'],['White'],['Glossy'],['600 x 600'],['4'],['1.44'],['Living_Room']
60,['30'],['Floor and Wall'],['Glazed Vitrified Tiles'],['Cream'],['Glossy'],['600 x 600'],['4'],['1.44'],['Living_Room']
65,['32'],['Floor and Wall'],['Glazed Vitrified Tiles'],['Brown'],['High Glossy'],['600 x 1200'],['2'],['1.44'],['Living_Room']
66,['32'],['Floor and Wall'],['Glazed Vitrified Tiles'],['Cream'],['High Glossy'],['600 x 1200'],['2'],['1.44'],['Living_Room']
67,['32'],['Floor and Wall'],['Glazed Vitrified Tiles'],['Grey'],['High Glossy'],['600 x 1200'],['2'],['1.44'],['Living_Room']
91,['32'],['Floor and Wall'],['Glazed Vitrified Tiles'],['Green'],['Glossy'],['600 x 1200'],['2'],['1.44'],['Living_Room']
92,['32'],['Floor and Wall'],['Glazed Vitrified Tiles'],['White'],['Glossy                                                                                                                              Matt'],['600 x 1200'],['2'],['1.44'],['Living_Room']
100,['32'],['Floor and Wall'],['Glazed Vitrified Tiles'],['Blue'],['High Glossy'],['600 x 1200'],['2'],['1.44'],['Living_Room']
101,['30'],['Floor'],['Full Body Vitrified Tiles'],['Grey'],['Matt'],['600 x 600'],['3'],['1.07'],['OutDoor_Tiles']
104,['30'],['Floor'],['Double Charged Vitrified Tiles'],['Black'],['Glossy'],['600 x 600'],['4'],['1.44'],['OutDoor_Tiles']
109,"['30', '42']",['Floor'],['Double Charged Vitrified Tiles'],['Black'],['Glossy'],"['600 x 600', '800 x 800']","['4', '3']","['1.44', '1.92']",['OutDoor_Tiles']
110,['42'],['Floor'],['Double Charged Vitrified Tiles'],['Grey'],['Glossy'],['800 x 800'],['3'],['1.92'],['OutDoor_Tiles']
117,"['42', '43']",['Floor'],['Double Charged Vitrified Tiles'],['White'],['Glossy'],"['800 x 800', '800 x 1200']","['3', '2']","['1.92', '1.92']",['OutDoor_Tiles']
120,"['30', '42']",['Floor'],['Double Charged Vitrified Tiles'],['Grey'],['Glossy'],"['600 x 600', '800 x 800']","['4', '3']","['1.44', '1.92']",['OutDoor_Tiles']
122,['30'],['Floor'],['Double Charged Vitrified Tiles'],['White'],['Glossy'],['600 x 600'],['4'],['1.44'],['OutDoor_Tiles']
123,['42'],['Floor'],['Double Charged Vitrified Tiles'],['Cream'],['Glossy'],['800 x 800'],['3'],['1.92'],['OutDoor_Tiles']
126,['30'],['Floor and Wall'],['Glazed Vitrified Tiles'],['Blue'],['Matt'],['600 x 600'],['4'],['1.44'],['OutDoor_Tiles']
132,['30'],['Floor and Wall'],['Glazed Vitrified Tiles'],['Brown'],['Glossy                                                                                                                             Matt'],['600 x 600'],['4'],['1.44'],['OutDoor_Tiles']
136,"['30', '32']",['Floor and Wall'],['Glazed Vitrified Tiles'],['Beige'],['Matt'],"['600 x 600', '600 x 1200']","['4', '2']","['1.44', '1.44']",['OutDoor_Tiles']
137,"['30', '32']",['Floor and Wall'],['Glazed Vitrified Tiles'],['White'],['Matt'],"['600 x 600', '600 x 1200']","['4', '2']","['1.44', '1.44']",['OutDoor_Tiles']
138,"['30', '32']",['Floor and Wall'],['Glazed Vitrified Tiles'],['Grey'],['Glossy'],"['600 x 600', '600 x 1200']","['4', '2']","['1.44', '1.44']",['OutDoor_Tiles']
142,"['30', '32']",['Floor and Wall'],['Glazed Vitrified Tiles'],['Grey'],['Matt'],"['600 x 600', '600 x 1200']","['4', '2']","['1.44', '1.44']",['OutDoor_Tiles']
145,['32'],['Floor and Wall'],['Glazed Vitrified Tiles'],['Beige'],['Carving'],['600 x 1200'],['2'],['1.44'],['OutDoor_Tiles']
147,['32'],['Floor and Wall'],['Glazed Vitrified Tiles'],['Brown'],['Carving'],['600 x 1200'],['2'],['1.44'],['OutDoor_Tiles']
148,['32'],['Floor and Wall'],['Glazed Vitrified Tiles'],['Grey'],['Carving'],['600 x 1200'],['2'],['1.44'],['OutDoor_Tiles']
151,['30'],['Floor and Wall'],['Glazed Vitrified Tiles'],['Black'],['Matt'],['600 x 600'],['4'],['1.44'],['OutDoor_Tiles']
152,['30'],['Floor and Wall'],['Glazed Vitrified Tiles'],['Wood'],['Wood - Punch Matt'],['600 x 600'],['4'],['1.44'],['OutDoor_Tiles']
153,['30'],['Floor and Wall'],['Glazed Vitrified Tiles'],['Wood'],['Matt'],['600 x 600'],['4'],['1.44'],['OutDoor_Tiles']
154,"['32', '32']",['Floor and Wall'],['Glazed Vitrified Tiles'],['Grey'],['Wood - Punch Matt'],"['600 x 1200', '198 x 1200']","['2', '6']","['1.44', '1.44']",['OutDoor_Tiles']
155,"['32', '32']",['Floor and Wall'],['Glazed Vitrified Tiles'],['Brown'],['Wood - Punch Matt'],"['600 x 1200', '198 x 1200']","['2', '6']","['1.44', '1.44']",['OutDoor_Tiles']
156,"['32', '32']",['Floor and Wall'],['Glazed Vitrified Tiles'],['Black'],['Wood - Punch Matt'],"['600 x 1200', '198 x 1200']","['2', '6']","['1.44', '1.44']",['OutDoor_Tiles']
157,"['32', '32']",['Floor and Wall'],['Glazed Vitrified Tiles'],['Cream'],['Wood - Punch Matt'],"['600 x 1200', '198 x 1200']","['2', '6']","['1.44', '1.44']",['OutDoor_Tiles']
158,['30'],['Floor and Wall'],['Glazed Vitrified Tiles'],['Blue'],['Glossy                                                                                                                             Matt'],['600 x 600'],['4'],['1.44'],['OutDoor_Tiles']
161,['30'],['Floor and Wall'],['Glazed Vitrified Tiles'],['White'],['Glossy'],['600 x 600'],['4'],['1.44'],['OutDoor_Tiles']
162,['30'],['Floor and Wall'],['Glazed Vitrified Tiles'],['Cream'],['Glossy'],['600 x 600'],['4'],['1.44'],['OutDoor_Tiles']
167,['32'],['Floor and Wall'],['Glazed Vitrified Tiles'],['Brown'],['High Glossy'],['600 x 1200'],['2'],['1.44'],['OutDoor_Tiles']
168,['32'],['Floor and Wall'],['Glazed Vitrified Tiles'],['Cream'],['High Glossy'],['600 x 1200'],['2'],['1.44'],['OutDoor_Tiles']
169,['32'],['Floor and Wall'],['Glazed Vitrified Tiles'],['Grey'],['High Glossy'],['600 x 1200'],['2'],['1.44'],['OutDoor_Tiles']
193,['32'],['Floor and Wall'],['Glazed Vitrified Tiles'],['Green'],['Glossy'],['600 x 1200'],['2'],['1.44'],['OutDoor_Tiles']
194,['32'],['Floor and Wall'],['Glazed Vitrified Tiles'],['White'],['Glossy                                                                                                                              Matt'],['600 x 1200'],['2'],['1.44'],['OutDoor_Tiles']
202,['32'],['Floor and Wall'],['Glazed Vitrified Tiles'],['Blue'],['High Glossy'],['600 x 1200'],['2'],['1.44'],['OutDoor_Tiles']
203,['30'],['Floor'],['Full Body Vitrified Tiles'],['Grey'],['Matt'],['600 x 600'],['3'],['1.07'],['Commercial_Tiles']
206,['30'],['Floor'],['Double Charged Vitrified Tiles'],['Black'],['Glossy'],['600 x 600'],['4'],['1.44'],['Commercial_Tiles']
211,"['30', '42']",['Floor'],['Double Charged Vitrified Tiles'],['Black'],['Glossy'],"['600 x 600', '800 x 800']","['4', '3']","['1.44', '1.92']",['Commercial_Tiles']
212,['42'],['Floor'],['Double Charged Vitrified Tiles'],['Grey'],['Glossy'],['800 x 800'],['3'],['1.92'],['Commercial_Tiles']
219,"['42', '43']",['Floor'],['Double Charged Vitrified Tiles'],['White'],['Glossy'],"['800 x 800', '800 x 1200']","['3', '2']","['1.92', '1.92']",['Commercial_Tiles']
222,"['30', '42']",['Floor'],['Double Charged Vitrified Tiles'],['Grey'],['Glossy'],"['600 x 600', '800 x 800']","['4', '3']","['1.44', '1.92']",['Commercial_Tiles']
224,['30'],['Floor'],['Double Charged Vitrified Tiles'],['White'],['Glossy'],['600 x 600'],['4'],['1.44'],['Commercial_Tiles']
232,['14.5'],['Wall'],['Digital Wall Tiles'],['Black'],['Glossy'],['300 x 600'],['5'],['0.90'],['Commercial_Tiles']
233,['42'],['Floor'],['Double Charged Vitrified Tiles'],['Cream'],['Glossy'],['800 x 800'],['3'],['1.92'],['Commercial_Tiles']
234,['14.5'],['Wall'],['Digital Wall Tiles'],"['Black', 'White']",['Glossy'],['300 x 600'],['5'],['0.90'],['Commercial_Tiles']
235,['14.5'],['Wall'],['Digital Wall Tiles'],['Aqua'],['Glossy'],['300 x 600'],['5'],['0.90'],['Commercial_Tiles']
236,['14.5'],['Wall'],['Digital Wall Tiles'],"['Aqua', 'Brown']",['Glossy'],['300 x 600'],['5'],['0.90'],['Commercial_Tiles']
247,['14.5'],['Wall'],['Digital Wall Tiles'],"['Grey', 'White']",['Glossy'],['300 x 600'],['5'],['0.90'],['Commercial_Tiles']
286,['30'],['Floor and Wall'],['Glazed Vitrified Tiles'],['Blue'],['Matt'],['600 x 600'],['4'],['1.44'],['Commercial_Tiles']
292,['30'],['Floor and Wall'],['Glazed Vitrified Tiles'],['Brown'],['Glossy                                                                                                                             Matt'],['600 x 600'],['4'],['1.44'],['Commercial_Tiles']
296,"['30', '32']",['Floor and Wall'],['Glazed Vitrified Tiles'],['Beige'],['Matt'],"['600 x 600', '600 x 1200']","['4', '2']","['1.44', '1.44']",['Commercial_Tiles']
297,"['30', '32']",['Floor and Wall'],['Glazed Vitrified Tiles'],['White'],['Matt'],"['600 x 600', '600 x 1200']","['4', '2']","['1.44', '1.44']",['Commercial_Tiles']
298,"['30', '32']",['Floor and Wall'],['Glazed Vitrified Tiles'],['Grey'],['Glossy'],"['600 x 600', '600 x 1200']","['4', '2']","['1.44', '1.44']",['Commercial_Tiles']
302,"['30', '32']",['Floor and Wall'],['Glazed Vitrified Tiles'],['Grey'],['Matt'],"['600 x 600', '600 x 1200']","['4', '2']","['1.44', '1.44']",['Commercial_Tiles']
305,['14.5'],['Wall'],['Digital Wall Tiles'],['Coffee'],['Matt'],['300 x 600'],['5'],['0.90'],['Commercial_Tiles']
310,['14.5'],['Wall'],['Digital Wall Tiles'],"['Brown', 'White']",['Matt'],['300 x 600'],['5'],['0.90'],['Commercial_Tiles']
319,['32'],['Floor and Wall'],['Glazed Vitrified Tiles'],['Beige'],['Carving'],['600 x 1200'],['2'],['1.44'],['Commercial_Tiles']
321,['32'],['Floor and Wall'],['Glazed Vitrified Tiles'],['Brown'],['Carving'],['600 x 1200'],['2'],['1.44'],['Commercial_Tiles']
322,['32'],['Floor and Wall'],['Glazed Vitrified Tiles'],['Grey'],['Carving'],['600 x 1200'],['2'],['1.44'],['Commercial_Tiles']
330,['30'],['Floor and Wall'],['Glazed Vitrified Tiles'],['Black'],['Matt'],['600 x 600'],['4'],['1.44'],['Commercial_Tiles']
331,['30'],['Floor and Wall'],['Glazed Vitrified Tiles'],['Wood'],['Wood - Punch Matt'],['600 x 600'],['4'],['1.44'],['Commercial_Tiles']
332,['30'],['Floor and Wall'],['Glazed Vitrified Tiles'],['Wood'],['Matt'],['600 x 600'],['4'],['1.44'],['Commercial_Tiles']
333,"['32', '32']",['Floor and Wall'],['Glazed Vitrified Tiles'],['Grey'],['Wood - Punch Matt'],"['600 x 1200', '198 x 1200']","['2', '6']","['1.44', '1.44']",['Commercial_Tiles']
334,"['32', '32']",['Floor and Wall'],['Glazed Vitrified Tiles'],['Brown'],['Wood - Punch Matt'],"['600 x 1200', '198 x 1200']","['2', '6']","['1.44', '1.44']",['Commercial_Tiles']
335,"['32', '32']",['Floor and Wall'],['Glazed Vitrified Tiles'],['Black'],['Wood - Punch Matt'],"['600 x 1200', '198 x 1200']","['2', '6']","['1.44', '1.44']",['Commercial_Tiles']
336,"['32', '32']",['Floor and Wall'],['Glazed Vitrified Tiles'],['Cream'],['Wood - Punch Matt'],"['600 x 1200', '198 x 1200']","['2', '6']","['1.44', '1.44']",['Commercial_Tiles']
337,['30'],['Floor and Wall'],['Glazed Vitrified Tiles'],['Blue'],['Glossy                                                                                                                             Matt'],['600 x 600'],['4'],['1.44'],['Commercial_Tiles']
340,['30'],['Floor and Wall'],['Glazed Vitrified Tiles'],['White'],['Glossy'],['600 x 600'],['4'],['1.44'],['Commercial_Tiles']
342,['30'],['Floor and Wall'],['Glazed Vitrified Tiles'],['Cream'],['Glossy'],['600 x 600'],['4'],['1.44'],['Commercial_Tiles']
343,['14.5'],['Wall'],['Digital Wall Tiles'],['Aqua'],['Sugar'],['300 x 600'],['5'],['0.90'],['Commercial_Tiles']
350,['32'],['Floor and Wall'],['Glazed Vitrified Tiles'],['Brown'],['High Glossy'],['600 x 1200'],['2'],['1.44'],['Commercial_Tiles']
351,['32'],['Floor and Wall'],['Glazed Vitrified Tiles'],['Cream'],['High Glossy'],['600 x 1200'],['2'],['1.44'],['Commercial_Tiles']
352,['32'],['Floor and Wall'],['Glazed Vitrified Tiles'],['Grey'],['High Glossy'],['600 x 1200'],['2'],['1.44'],['Commercial_Tiles']
376,['32'],['Floor and Wall'],['Glazed Vitrified Tiles'],['Green'],['Glossy'],['600 x 1200'],['2'],['1.44'],['Commercial_Tiles']
377,['32'],['Floor and Wall'],['Glazed Vitrified Tiles'],['White'],['Glossy                                                                                                                              Matt'],['600 x 1200'],['2'],['1.44'],['Commercial_Tiles']
385,['32'],['Floor and Wall'],['Glazed Vitrified Tiles'],['Blue'],['High Glossy'],['600 x 1200'],['2'],['1.44'],['Commercial_Tiles']
387,['14.5'],['Wall'],['Digital Wall Tiles'],"['Brown', 'Cream']",['Sugar'],['300 x 600'],['5'],['0.90'],['Commercial_Tiles']
395,['14.5'],['Wall'],['Digital Wall Tiles'],['White'],['Sugar'],['300 x 600'],['5'],['0.90'],['Commercial_Tiles']
402,['14.5'],['Wall'],['Digital Wall Tiles'],"['Blue', 'Cream']",['Sugar'],['300 x 600'],['5'],['0.90'],['Commercial_Tiles']
410,['14.5'],['Wall'],['Digital Wall Tiles'],['Black'],['Glossy'],['300 x 600'],['5'],['0.90'],['Bathroom_Tile']
412,['14.5'],['Wall'],['Digital Wall Tiles'],"['Black', 'White']",['Glossy'],['300 x 600'],['5'],['0.90'],['Bathroom_Tile']
413,['14.5'],['Wall'],['Digital Wall Tiles'],['Aqua'],['Glossy'],['300 x 600'],['5'],['0.90'],['Bathroom_Tile']
414,['14.5'],['Wall'],['Digital Wall Tiles'],"['Aqua', 'Brown']",['Glossy'],['300 x 600'],['5'],['0.90'],['Bathroom_Tile']
425,['14.5'],['Wall'],['Digital Wall Tiles'],"['Grey', 'White']",['Glossy'],['300 x 600'],['5'],['0.90'],['Bathroom_Tile']
464,['30'],['Floor and Wall'],['Glazed Vitrified Tiles'],['Blue'],['Matt'],['600 x 600'],['4'],['1.44'],['Bathroom_Tile']
470,['12.5'],['Floor'],['Digital Floor Tiles'],['Black'],['Matt'],['300 x 300'],['9'],['0.81'],['Bathroom_Tile']
475,['12.5'],['Floor'],['Digital Floor Tiles'],['Green'],['Matt'],['300 x 300'],['9'],['0.81'],['Bathroom_Tile']
481,['12.5'],['Floor'],['Digital Floor Tiles'],['White'],['Matt'],['300 x 300'],['9'],['0.81'],['Bathroom_Tile']
488,['30'],['Floor and Wall'],['Glazed Vitrified Tiles'],['Brown'],['Glossy                                                                                                                             Matt'],['600 x 600'],['4'],['1.44'],['Bathroom_Tile']
492,"['30', '32']",['Floor and Wall'],['Glazed Vitrified Tiles'],['Beige'],['Matt'],"['600 x 600', '600 x 1200']","['4', '2']","['1.44', '1.44']",['Bathroom_Tile']
493,"['30', '32']",['Floor and Wall'],['Glazed Vitrified Tiles'],['White'],['Matt'],"['600 x 600', '600 x 1200']","['4', '2']","['1.44', '1.44']",['Bathroom_Tile']
494,"['30', '32']",['Floor and Wall'],['Glazed Vitrified Tiles'],['Grey'],['Glossy'],"['600 x 600', '600 x 1200']","['4', '2']","['1.44', '1.44']",['Bathroom_Tile']
498,"['30', '32']",['Floor and Wall'],['Glazed Vitrified Tiles'],['Grey'],['Matt'],"['600 x 600', '600 x 1200']","['4', '2']","['1.44', '1.44']",['Bathroom_Tile']
501,['14.5'],['Wall'],['Digital Wall Tiles'],['Coffee'],['Matt'],['300 x 600'],['5'],['0.90'],['Bathroom_Tile']
506,['14.5'],['Wall'],['Digital Wall Tiles'],"['Brown', 'White']",['Matt'],['300 x 600'],['5'],['0.90'],['Bathroom_Tile']
515,['32'],['Floor and Wall'],['Glazed Vitrified Tiles'],['Beige'],['Carving'],['600 x 1200'],['2'],['1.44'],['Bathroom_Tile']
517,['32'],['Floor and Wall'],['Glazed Vitrified Tiles'],['Brown'],['Carving'],['600 x 1200'],['2'],['1.44'],['Bathroom_Tile']
518,['32'],['Floor and Wall'],['Glazed Vitrified Tiles'],['Grey'],['Carving'],['600 x 1200'],['2'],['1.44'],['Bathroom_Tile']
526,['30'],['Floor and Wall'],['Glazed Vitrified Tiles'],['Black'],['Matt'],['600 x 600'],['4'],['1.44'],['Bathroom_Tile']
527,['30'],['Floor and Wall'],['Glazed Vitrified Tiles'],['Wood'],['Wood - Punch Matt'],['600 x 600'],['4'],['1.44'],['Bathroom_Tile']
528,['30'],['Floor and Wall'],['Glazed Vitrified Tiles'],['Wood'],['Matt'],['600 x 600'],['4'],['1.44'],['Bathroom_Tile']
529,"['32', '32']",['Floor and Wall'],['Glazed Vitrified Tiles'],['Grey'],['Wood - Punch Matt'],"['600 x 1200', '198 x 1200']","['2', '6']","['1.44', '1.44']",['Bathroom_Tile']
530,"['32', '32']",['Floor and Wall'],['Glazed Vitrified Tiles'],['Brown'],['Wood - Punch Matt'],"['600 x 1200', '198 x 1200']","['2', '6']","['1.44', '1.44']",['Bathroom_Tile']
531,"['32', '32']",['Floor and Wall'],['Glazed Vitrified Tiles'],['Black'],['Wood - Punch Matt'],"['600 x 1200', '198 x 1200']","['2', '6']","['1.44', '1.44']",['Bathroom_Tile']
532,"['32', '32']",['Floor and Wall'],['Glazed Vitrified Tiles'],['Cream'],['Wood - Punch Matt'],"['600 x 1200', '198 x 1200']","['2', '6']","['1.44', '1.44']",['Bathroom_Tile']
533,['30'],['Floor and Wall'],['Glazed Vitrified Tiles'],['Blue'],['Glossy                                                                                                                             Matt'],['600 x 600'],['4'],['1.44'],['Bathroom_Tile']
536,['30'],['Floor and Wall'],['Glazed Vitrified Tiles'],['White'],['Glossy'],['600 x 600'],['4'],['1.44'],['Bathroom_Tile']
538,['30'],['Floor and Wall'],['Glazed Vitrified Tiles'],['Cream'],['Glossy'],['600 x 600'],['4'],['1.44'],['Bathroom_Tile']
539,['14.5'],['Wall'],['Digital Wall Tiles'],['Aqua'],['Sugar'],['300 x 600'],['5'],['0.90'],['Bathroom_Tile']
546,['32'],['Floor and Wall'],['Glazed Vitrified Tiles'],['Brown'],['High Glossy'],['600 x 1200'],['2'],['1.44'],['Bathroom_Tile']
547,['32'],['Floor and Wall'],['Glazed Vitrified Tiles'],['Cream'],['High Glossy'],['600 x 1200'],['2'],['1.44'],['Bathroom_Tile']
548,['32'],['Floor and Wall'],['Glazed Vitrified Tiles'],['Grey'],['High Glossy'],['600 x 1200'],['2'],['1.44'],['Bathroom_Tile']
572,['32'],['Floor and Wall'],['Glazed Vitrified Tiles'],['Green'],['Glossy'],['600 x 1200'],['2'],['1.44'],['Bathroom_Tile']
573,['32'],['Floor and Wall'],['Glazed Vitrified Tiles'],['White'],['Glossy                                                                                                                              Matt'],['600 x 1200'],['2'],['1.44'],['Bathroom_Tile']
581,['32'],['Floor and Wall'],['Glazed Vitrified Tiles'],['Blue'],['High Glossy'],['600 x 1200'],['2'],['1.44'],['Bathroom_Tile']
583,['14.5'],['Wall'],['Digital Wall Tiles'],"['Brown', 'Cream']",['Sugar'],['300 x 600'],['5'],['0.90'],['Bathroom_Tile']
591,['14.5'],['Wall'],['Digital Wall Tiles'],['White'],['Sugar'],['300 x 600'],['5'],['0.90'],['Bathroom_Tile']
598,['14.5'],['Wall'],['Digital Wall Tiles'],"['Blue', 'Cream']",['Sugar'],['300 x 600'],['5'],['0.90'],['Bathroom_Tile']
601,['12.5'],['Floor'],['Digital Floor Tiles'],['Coffee'],['Matt'],['300 x 300'],['9'],['0.81'],['Bathroom_Tile']
608,['12.5'],['Floor'],['Digital Floor Tiles'],['Green'],['Sugar'],['300 x 300'],['9'],['0.81'],['Bathroom_Tile']
612,['12.5'],['Floor'],['Digital Floor Tiles'],['Grey'],['Sugar'],['300 x 300'],['9'],['0.81'],['Bathroom_Tile']
613,['12.5'],['Floor'],['Digital Floor Tiles'],['Blue'],['Sugar'],['300 x 300'],['9'],['0.81'],['Bathroom_Tile']
614,['12.5'],['Floor'],['Digital Floor Tiles'],['Cream'],['Sugar'],['300 x 300'],['9'],['0.81'],['Bathroom_Tile']
617,['30'],['Floor'],['Double Charged Vitrified Tiles'],['Black'],['Glossy'],['600 x 600'],['4'],['1.44'],['Kithen_Tiles']
622,"['30', '42']",['Floor'],['Double Charged Vitrified Tiles'],['Black'],['Glossy'],"['600 x 600', '800 x 800']","['4', '3']","['1.44', '1.92']",['Kithen_Tiles']
623,['42'],['Floor'],['Double Charged Vitrified Tiles'],['Grey'],['Glossy'],['800 x 800'],['3'],['1.92'],['Kithen_Tiles']
630,"['42', '43']",['Floor'],['Double Charged Vitrified Tiles'],['White'],['Glossy'],"['800 x 800', '800 x 1200']","['3', '2']","['1.92', '1.92']",['Kithen_Tiles']
633,"['30', '42']",['Floor'],['Double Charged Vitrified Tiles'],['Grey'],['Glossy'],"['600 x 600', '800 x 800']","['4', '3']","['1.44', '1.92']",['Kithen_Tiles']
635,['30'],['Floor'],['Double Charged Vitrified Tiles'],['White'],['Glossy'],['600 x 600'],['4'],['1.44'],['Kithen_Tiles']
643,['14.5'],['Wall'],['Digital Wall Tiles'],['Black'],['Glossy'],['300 x 600'],['5'],['0.90'],['Kithen_Tiles']
644,['42'],['Floor'],['Double Charged Vitrified Tiles'],['Cream'],['Glossy'],['800 x 800'],['3'],['1.92'],['Kithen_Tiles']
645,['14.5'],['Wall'],['Digital Wall Tiles'],"['Black', 'White']",['Glossy'],['300 x 600'],['5'],['0.90'],['Kithen_Tiles']
646,['14.5'],['Wall'],['Digital Wall Tiles'],['Aqua'],['Glossy'],['300 x 600'],['5'],['0.90'],['Kithen_Tiles']
647,['14.5'],['Wall'],['Digital Wall Tiles'],"['Aqua', 'Brown']",['Glossy'],['300 x 600'],['5'],['0.90'],['Kithen_Tiles']
658,['14.5'],['Wall'],['Digital Wall Tiles'],"['Grey', 'White']",['Glossy'],['300 x 600'],['5'],['0.90'],['Kithen_Tiles']
697,['30'],['Floor and Wall'],['Glazed Vitrified Tiles'],['Blue'],['Matt'],['600 x 600'],['4'],['1.44'],['Kithen_Tiles']
703,['30'],['Floor and Wall'],['Glazed Vitrified Tiles'],['Brown'],['Glossy                                                                                                                             Matt'],['600 x 600'],['4'],['1.44'],['Kithen_Tiles']
707,"['30', '32']",['Floor and Wall'],['Glazed Vitrified Tiles'],['Beige'],['Matt'],"['600 x 600', '600 x 1200']","['4', '2']","['1.44', '1.44']",['Kithen_Tiles']
708,"['30', '32']",['Floor and Wall'],['Glazed Vitrified Tiles'],['White'],['Matt'],"['600 x 600', '600 x 1200']","['4', '2']","['1.44', '1.44']",['Kithen_Tiles']
709,"['30', '32']",['Floor and Wall'],['Glazed Vitrified Tiles'],['Grey'],['Glossy'],"['600 x 600', '600 x 1200']","['4', '2']","['1.44', '1.44']",['Kithen_Tiles']
713,"['30', '32']",['Floor and Wall'],['Glazed Vitrified Tiles'],['Grey'],['Matt'],"['600 x 600', '600 x 1200']","['4', '2']","['1.44', '1.44']",['Kithen_Tiles']
716,['14.5'],['Wall'],['Digital Wall Tiles'],['Coffee'],['Matt'],['300 x 600'],['5'],['0.90'],['Kithen_Tiles']
721,['14.5'],['Wall'],['Digital Wall Tiles'],"['Brown', 'White']",['Matt'],['300 x 600'],['5'],['0.90'],['Kithen_Tiles']
730,['32'],['Floor and Wall'],['Glazed Vitrified Tiles'],['Beige'],['Carving'],['600 x 1200'],['2'],['1.44'],['Kithen_Tiles']
732,['32'],['Floor and Wall'],['Glazed Vitrified Tiles'],['Brown'],['Carving'],['600 x 1200'],['2'],['1.44'],['Kithen_Tiles']
733,['32'],['Floor and Wall'],['Glazed Vitrified Tiles'],['Grey'],['Carving'],['600 x 1200'],['2'],['1.44'],['Kithen_Tiles']
741,['30'],['Floor and Wall'],['Glazed Vitrified Tiles'],['Black'],['Matt'],['600 x 600'],['4'],['1.44'],['Kithen_Tiles']
742,['30'],['Floor and Wall'],['Glazed Vitrified Tiles'],['Wood'],['Wood - Punch Matt'],['600 x 600'],['4'],['1.44'],['Kithen_Tiles']
743,['30'],['Floor and Wall'],['Glazed Vitrified Tiles'],['Wood'],['Matt'],['600 x 600'],['4'],['1.44'],['Kithen_Tiles']
744,"['32', '32']",['Floor and Wall'],['Glazed Vitrified Tiles'],['Grey'],['Wood - Punch Matt'],"['600 x 1200', '198 x 1200']","['2', '6']","['1.44', '1.44']",['Kithen_Tiles']
745,"['32', '32']",['Floor and Wall'],['Glazed Vitrified Tiles'],['Brown'],['Wood - Punch Matt'],"['600 x 1200', '198 x 1200']","['2', '6']","['1.44', '1.44']",['Kithen_Tiles']
746,"['32', '32']",['Floor and Wall'],['Glazed Vitrified Tiles'],['Black'],['Wood - Punch Matt'],"['600 x 1200', '198 x 1200']","['2', '6']","['1.44', '1.44']",['Kithen_Tiles']
747,"['32', '32']",['Floor and Wall'],['Glazed Vitrified Tiles'],['Cream'],['Wood - Punch Matt'],"['600 x 1200', '198 x 1200']","['2', '6']","['1.44', '1.44']",['Kithen_Tiles']
748,['30'],['Floor and Wall'],['Glazed Vitrified Tiles'],['Blue'],['Glossy                                                                                                                             Matt'],['600 x 600'],['4'],['1.44'],['Kithen_Tiles']
751,['30'],['Floor and Wall'],['Glazed Vitrified Tiles'],['White'],['Glossy'],['600 x 600'],['4'],['1.44'],['Kithen_Tiles']
753,['30'],['Floor and Wall'],['Glazed Vitrified Tiles'],['Cream'],['Glossy'],['600 x 600'],['4'],['1.44'],['Kithen_Tiles']
754,['14.5'],['Wall'],['Digital Wall Tiles'],['Aqua'],['Sugar'],['300 x 600'],['5'],['0.90'],['Kithen_Tiles']
761,['32'],['Floor and Wall'],['Glazed Vitrified Tiles'],['Brown'],['High Glossy'],['600 x 1200'],['2'],['1.44'],['Kithen_Tiles']
762,['32'],['Floor and Wall'],['Glazed Vitrified Tiles'],['Cream'],['High Glossy'],['600 x 1200'],['2'],['1.44'],['Kithen_Tiles']
763,['32'],['Floor and Wall'],['Glazed Vitrified Tiles'],['Grey'],['High Glossy'],['600 x 1200'],['2'],['1.44'],['Kithen_Tiles']
787,['32'],['Floor and Wall'],['Glazed Vitrified Tiles'],['Green'],['Glossy'],['600 x 1200'],['2'],['1.44'],['Kithen_Tiles']
788,['32'],['Floor and Wall'],['Glazed Vitrified Tiles'],['White'],['Glossy                                                                                                                              Matt'],['600 x 1200'],['2'],['1.44'],['Kithen_Tiles']
796,['32'],['Floor and Wall'],['Glazed Vitrified Tiles'],['Blue'],['High Glossy'],['600 x 1200'],['2'],['1.44'],['Kithen_Tiles']
798,['14.5'],['Wall'],['Digital Wall Tiles'],"['Brown', 'Cream']",['Sugar'],['300 x 600'],['5'],['0.90'],['Kithen_Tiles']
806,['14.5'],['Wall'],['Digital Wall Tiles'],['White'],['Sugar'],['300 x 600'],['5'],['0.90'],['Kithen_Tiles']
813,['14.5'],['Wall'],['Digital Wall Tiles'],"['Blue', 'Cream']",['Sugar'],['300 x 600'],['5'],['0.90'],['Kithen_Tiles']
816,['30'],['Floor'],['Double Charged Vitrified Tiles'],['Black'],['Glossy'],['600 x 600'],['4'],['1.44'],['Bedroom_Tiles']
821,"['30', '42']",['Floor'],['Double Charged Vitrified Tiles'],['Black'],['Glossy'],"['600 x 600', '800 x 800']","['4', '3']","['1.44', '1.92']",['Bedroom_Tiles']
822,['42'],['Floor'],['Double Charged Vitrified Tiles'],['Grey'],['Glossy'],['800 x 800'],['3'],['1.92'],['Bedroom_Tiles']
829,"['42', '43']",['Floor'],['Double Charged Vitrified Tiles'],['White'],['Glossy'],"['800 x 800', '800 x 1200']","['3', '2']","['1.92', '1.92']",['Bedroom_Tiles']
832,"['30', '42']",['Floor'],['Double Charged Vitrified Tiles'],['Grey'],['Glossy'],"['600 x 600', '800 x 800']","['4', '3']","['1.44', '1.92']",['Bedroom_Tiles']
834,['30'],['Floor'],['Double Charged Vitrified Tiles'],['White'],['Glossy'],['600 x 600'],['4'],['1.44'],['Bedroom_Tiles']
835,['42'],['Floor'],['Double Charged Vitrified Tiles'],['Cream'],['Glossy'],['800 x 800'],['3'],['1.92'],['Bedroom_Tiles']
838,['30'],['Floor and Wall'],['Glazed Vitrified Tiles'],['Blue'],['Matt'],['600 x 600'],['4'],['1.44'],['Bedroom_Tiles']
844,['30'],['Floor and Wall'],['Glazed Vitrified Tiles'],['Brown'],['Glossy                                                                                                                             Matt'],['600 x 600'],['4'],['1.44'],['Bedroom_Tiles']
848,"['30', '32']",['Floor and Wall'],['Glazed Vitrified Tiles'],['Beige'],['Matt'],"['600 x 600', '600 x 1200']","['4', '2']","['1.44', '1.44']",['Bedroom_Tiles']
849,"['30', '32']",['Floor and Wall'],['Glazed Vitrified Tiles'],['White'],['Matt'],"['600 x 600', '600 x 1200']","['4', '2']","['1.44', '1.44']",['Bedroom_Tiles']
850,"['30', '32']",['Floor and Wall'],['Glazed Vitrified Tiles'],['Grey'],['Glossy'],"['600 x 600', '600 x 1200']","['4', '2']","['1.44', '1.44']",['Bedroom_Tiles']
854,"['30', '32']",['Floor and Wall'],['Glazed Vitrified Tiles'],['Grey'],['Matt'],"['600 x 600', '600 x 1200']","['4', '2']","['1.44', '1.44']",['Bedroom_Tiles']
857,['32'],['Floor and Wall'],['Glazed Vitrified Tiles'],['Beige'],['Carving'],['600 x 1200'],['2'],['1.44'],['Bedroom_Tiles']
859,['32'],['Floor and Wall'],['Glazed Vitrified Tiles'],['Brown'],['Carving'],['600 x 1200'],['2'],['1.44'],['Bedroom_Tiles']
860,['32'],['Floor and Wall'],['Glazed Vitrified Tiles'],['Grey'],['Carving'],['600 x 1200'],['2'],['1.44'],['Bedroom_Tiles']
863,['30'],['Floor and Wall'],['Glazed Vitrified Tiles'],['Black'],['Matt'],['600 x 600'],['4'],['1.44'],['Bedroom_Tiles']
864,['30'],['Floor and Wall'],['Glazed Vitrified Tiles'],['Wood'],['Wood - Punch Matt'],['600 x 600'],['4'],['1.44'],['Bedroom_Tiles']
865,['30'],['Floor and Wall'],['Glazed Vitrified Tiles'],['Wood'],['Matt'],['600 x 600'],['4'],['1.44'],['Bedroom_Tiles']
866,"['32', '32']",['Floor and Wall'],['Glazed Vitrified Tiles'],['Grey'],['Wood - Punch Matt'],"['600 x 1200', '198 x 1200']","['2', '6']","['1.44', '1.44']",['Bedroom_Tiles']
867,"['32', '32']",['Floor and Wall'],['Glazed Vitrified Tiles'],['Brown'],['Wood - Punch Matt'],"['600 x 1200', '198 x 1200']","['2', '6']","['1.44', '1.44']",['Bedroom_Tiles']
868,"['32', '32']",['Floor and Wall'],['Glazed Vitrified Tiles'],['Black'],['Wood - Punch Matt'],"['600 x 1200', '198 x 1200']","['2', '6']","['1.44', '1.44']",['Bedroom_Tiles']
869,"['32', '32']",['Floor and Wall'],['Glazed Vitrified Tiles'],['Cream'],['Wood - Punch Matt'],"['600 x 1200', '198 x 1200']","['2', '6']","['1.44', '1.44']",['Bedroom_Tiles']
870,['30'],['Floor and Wall'],['Glazed Vitrified Tiles'],['Blue'],['Glossy                                                                                                                             Matt'],['600 x 600'],['4'],['1.44'],['Bedroom_Tiles']
873,['30'],['Floor and Wall'],['Glazed Vitrified Tiles'],['White'],['Glossy'],['600 x 600'],['4'],['1.44'],['Bedroom_Tiles']
874,['30'],['Floor and Wall'],['Glazed Vitrified Tiles'],['Cream'],['Glossy'],['600 x 600'],['4'],['1.44'],['Bedroom_Tiles']
879,['32'],['Floor and Wall'],['Glazed Vitrified Tiles'],['Brown'],['High Glossy'],['600 x 1200'],['2'],['1.44'],['Bedroom_Tiles']
880,['32'],['Floor and Wall'],['Glazed Vitrified Tiles'],['Cream'],['High Glossy'],['600 x 1200'],['2'],['1.44'],['Bedroom_Tiles']
881,['32'],['Floor and Wall'],['Glazed Vitrified Tiles'],['Grey'],['High Glossy'],['600 x 1200'],['2'],['1.44'],['Bedroom_Tiles']
905,['32'],['Floor and Wall'],['Glazed Vitrified Tiles'],['Green'],['Glossy'],['600 x 1200'],['2'],['1.44'],['Bedroom_Tiles']
906,['32'],['Floor and Wall'],['Glazed Vitrified Tiles'],['White'],['Glossy                                                                                                                              Matt'],['600 x 1200'],['2'],['1.44'],['Bedroom_Tiles']
914,['32'],['Floor and Wall'],['Glazed Vitrified Tiles'],['Blue'],['High Glossy'],['600 x 1200'],['2'],['1.44'],['Bedroom_Tiles']
